{
	"info": {
		"_postman_id": "24847f42-b123-4641-8ee6-4b04b38d5c31",
		"name": "BOOKS",
		"schema": "https://schema.getpostman.com/json/collection/v2.1.0/collection.json"
	},
	"item": [
		{
			"name": "Get All Books",
			"protocolProfileBehavior": {
				"disableBodyPruning": true
			},
			"request": {
				"method": "GET",
				"header": [
					{
						"key": "Authorization",
						"type": "text",
						"value": "Bearer eyJhbGciOiJIUzI1NiJ9.eyJzdWIiOiJ1c2VyMSIsImV4cCI6MTY1NDI3OTI1MywiaWF0IjoxNjU0MjQzMjUzfQ.F7l6yFv5iha8F5RBVmLn81Qxzr_m7dPfm4nMdLPh0SE"
					},
					{
						"key": "Content-Type",
						"type": "text",
						"value": "application/json",
						"disabled": true
					}
				],
				"body": {
					"mode": "raw",
					"raw": "",
					"options": {
						"raw": {
							"language": "json"
						}
					}
				},
				"url": {
					"raw": "localhost:{{port}}/books",
					"host": [
						"localhost"
					],
					"port": "{{port}}",
					"path": [
						"books"
					]
				}
			},
			"response": []
		},
		{
			"name": "Register a Book",
			"request": {
				"method": "POST",
				"header": [
					{
						"key": "Authorization",
						"type": "text",
						"value": "Bearer {{token}}"
					},
					{
						"key": "Content-Type",
						"type": "text",
						"value": "application/json",
						"disabled": true
					}
				],
				"body": {
					"mode": "raw",
					"raw": "{\r\n    \"author\":\"F. Scott Fitzgerald\",\r\n    \"title\":\"The Great Gatsby\",\r\n    \"category\":\"Fiction\",\r\n    \"description\":\"The novel chronicles an era that Fitzgerald himself dubbed the Jazz Age.\"\r\n}",
					"options": {
						"raw": {
							"language": "json"
						}
					}
				},
				"url": {
					"raw": "{{host}}/books",
					"host": [
						"{{host}}"
					],
					"path": [
						"books"
					]
				}
			},
			"response": []
		},
		{
			"name": "Delete a Book",
			"request": {
				"method": "DELETE",
				"header": [
					{
						"key": "Authorization",
						"type": "text",
						"value": "Bearer {{token}}"
					},
					{
						"key": "Content-Type",
						"type": "text",
						"value": "application/json",
						"disabled": true
					}
				],
				"body": {
					"mode": "raw",
					"raw": "",
					"options": {
						"raw": {
							"language": "json"
						}
					}
				},
				"url": {
					"raw": "{{host}}/books/e3eaa113-5f7c-44bb-8a1e-23282c6ba3c0",
					"host": [
						"{{host}}"
					],
					"path": [
						"books",
						"e3eaa113-5f7c-44bb-8a1e-23282c6ba3c0"
					]
				}
			},
			"response": []
		},
		{
			"name": "Get Book Detail",
			"protocolProfileBehavior": {
				"disableBodyPruning": true
			},
			"request": {
				"method": "GET",
				"header": [
					{
						"key": "Authorization",
						"type": "text",
						"value": "Bearer {{token}}"
					},
					{
						"key": "Content-Type",
						"type": "text",
						"value": "application/json",
						"disabled": true
					}
				],
				"body": {
					"mode": "raw",
					"raw": "",
					"options": {
						"raw": {
							"language": "json"
						}
					}
				},
				"url": {
					"raw": "{{host}}/books/002",
					"host": [
						"{{host}}"
					],
					"path": [
						"books",
						"002"
					]
				}
			},
			"response": []
		},
		{
			"name": "Update a Book",
			"request": {
				"method": "PUT",
				"header": [
					{
						"key": "Authorization",
						"type": "text",
						"value": "Bearer {{token}}"
					},
					{
						"key": "Content-Type",
						"type": "text",
						"value": "application/json",
						"disabled": true
					}
				],
				"body": {
					"mode": "raw",
					"raw": "{\r\n        \"id\": \"001\",\r\n        \"author\": \"James Joyce XXXXXX\",\r\n        \"title\": \"Ulysses\",\r\n        \"category\": \"Fiction\",\r\n        \"description\": \"Ulysses chronicles the passage of Leopold Bloom through Dublin during an ordinary day, June 16, 1904.\"\r\n    }",
					"options": {
						"raw": {
							"language": "json"
						}
					}
				},
				"url": {
					"raw": "{{host}}/books",
					"host": [
						"{{host}}"
					],
					"path": [
						"books"
					]
				}
			},
			"response": []
		}
	]
}