{
	"id": "5803e336-45ab-4032-95cd-31c1eee8a504",
	"name": "k8s port",
	"values": [
		{
			"key": "token",
			"value": "eyJhbGciOiJIUzI1NiJ9.eyJzdWIiOiJ1c2VyMyIsImV4cCI6MTY1NDQ0NzIwNCwiaWF0IjoxNjU0NDExMjA0fQ.nGBR7KsU9KMoMDB5ELe5iDM_9vYObZy2yN0uZ2OlcrU",
			"enabled": true
		},
		{
			"key": "host",
			"value": "http://localhost:30002",
			"enabled": true
		}
	],
	"_postman_variable_scope": "environment",
	"_postman_exported_at": "2022-06-05T11:17:49.598Z",
	"_postman_exported_using": "Postman/7.36.5"
}