{
	"info": {
		"_postman_id": "365d6803-d1cd-48a4-8b11-9c8baac47f13",
		"name": "USER",
		"schema": "https://schema.getpostman.com/json/collection/v2.1.0/collection.json"
	},
	"item": [
		{
			"name": "Get All Users",
			"protocolProfileBehavior": {
				"disableBodyPruning": true
			},
			"request": {
				"method": "GET",
				"header": [
					{
						"key": "Authorization",
						"value": "Bearer eyJhbGciOiJIUzI1NiJ9.eyJzdWIiOiJ1c2VyMSIsImV4cCI6MTY1NDI4ODQ3MCwiaWF0IjoxNjU0MjUyNDcwfQ.pT-mFWPRhNecgDGHLCbf2zSf12Ll4GVcbVtfFWSgE7o",
						"type": "text"
					},
					{
						"key": "Content-Type",
						"value": "application/json",
						"type": "text",
						"disabled": true
					}
				],
				"body": {
					"mode": "raw",
					"raw": "",
					"options": {
						"raw": {
							"language": "json"
						}
					}
				},
				"url": {
					"raw": "{{host}}/users",
					"host": [
						"{{host}}"
					],
					"path": [
						"users"
					]
				}
			},
			"response": []
		},
		{
			"name": "Get User Profile",
			"protocolProfileBehavior": {
				"disableBodyPruning": true
			},
			"request": {
				"method": "GET",
				"header": [
					{
						"key": "Authorization",
						"value": "Bearer {{token}}",
						"type": "text"
					},
					{
						"key": "Content-Type",
						"value": "application/json",
						"type": "text",
						"disabled": true
					}
				],
				"body": {
					"mode": "raw",
					"raw": "",
					"options": {
						"raw": {
							"language": "json"
						}
					}
				},
				"url": {
					"raw": "{{host}}/users/",
					"host": [
						"{{host}}"
					],
					"path": [
						"users",
						""
					]
				}
			},
			"response": []
		},
		{
			"name": "Register",
			"request": {
				"method": "POST",
				"header": [
					{
						"key": "Authorization",
						"value": "Bearer eyJhbGciOiJIUzI1NiJ9.eyJzdWIiOiJ1c2VyMSIsImV4cCI6MTY1NDI2NzgzNiwiaWF0IjoxNjU0MjMxODM2fQ.EZSXANsnivSneMguD9bz0Jv6uTco-9xPTkUBRSImfgc",
						"type": "text",
						"disabled": true
					},
					{
						"key": "Content-Type",
						"value": "application/json",
						"type": "text",
						"disabled": true
					}
				],
				"body": {
					"mode": "raw",
					"raw": "{\r\n    \"userName\": \"so.sereyboth\",\r\n    \"password\": \"password\",\r\n    \"email\": \"so.sereyboth@gmail.com\"\r\n}",
					"options": {
						"raw": {
							"language": "json"
						}
					}
				},
				"url": {
					"raw": "{{host}}/register",
					"host": [
						"{{host}}"
					],
					"path": [
						"register"
					]
				}
			},
			"response": []
		},
		{
			"name": "Authenticate",
			"request": {
				"method": "POST",
				"header": [
					{
						"key": "Content-Type",
						"value": "application/json",
						"type": "text",
						"disabled": true
					}
				],
				"body": {
					"mode": "raw",
					"raw": "{\r\n    \"userName\": \"user1\",\r\n    \"password\": \"pwd1\"\r\n}",
					"options": {
						"raw": {
							"language": "json"
						}
					}
				},
				"url": {
					"raw": "{{host}}/authenticate",
					"host": [
						"{{host}}"
					],
					"path": [
						"authenticate"
					]
				}
			},
			"response": []
		},
		{
			"name": "Hello",
			"protocolProfileBehavior": {
				"disableBodyPruning": true
			},
			"request": {
				"method": "GET",
				"header": [
					{
						"key": "Authorization",
						"value": "Bearer eyJhbGciOiJIUzI1NiJ9.eyJzdWIiOiJ1c2VyMSIsImV4cCI6MTY1NDI4MTM2NywiaWF0IjoxNjU0MjQ1MzY3fQ.72kj-hoa8MFDw0eoMLv7e9-PPQjeDE1L9MUYRCrqW20",
						"type": "text"
					},
					{
						"key": "Content-Type",
						"value": "application/json",
						"type": "text",
						"disabled": true
					}
				],
				"body": {
					"mode": "raw",
					"raw": "",
					"options": {
						"raw": {
							"language": "json"
						}
					}
				},
				"url": {
					"raw": "{{host}}",
					"host": [
						"{{host}}"
					]
				}
			},
			"response": []
		},
		{
			"name": "Update Profile",
			"request": {
				"method": "PUT",
				"header": [
					{
						"key": "Authorization",
						"value": "Bearer  {{token}}",
						"type": "text",
						"disabled": true
					},
					{
						"key": "Content-Type",
						"value": "application/json",
						"type": "text",
						"disabled": true
					}
				],
				"body": {
					"mode": "raw",
					"raw": "{\r\n        \"id\": \"101\",\r\n        \"userName\": \"user1\",\r\n        \"password\": \"pwd1\",\r\n        \"email\": \"user1@gmail.com\",\r\n        \"phone\": \"011 111 222\",\r\n        \"photo\": \"\"\r\n    }",
					"options": {
						"raw": {
							"language": "json"
						}
					}
				},
				"url": {
					"raw": "{{host}}/users",
					"host": [
						"{{host}}"
					],
					"path": [
						"users"
					]
				}
			},
			"response": []
		}
	]
}